# Dodavanje adresa
insert into xmlws_schema_smestaj_service.adresa (id, grad, zemlja, geografska_duzina, geografska_sirina) values (1, 'Warungtanjung', 'Indonesia', 3.5053306, 98.6783333);
insert into xmlws_schema_smestaj_service.adresa (id, grad, zemlja, geografska_duzina, geografska_sirina) values (2, 'Chaoshui', 'China', 25.282208, 111.410194);
insert into xmlws_schema_smestaj_service.adresa (id, grad, zemlja, geografska_duzina, geografska_sirina) values (3, 'Limassol', 'Cyprus', 34.7071301, 33.0226174);
insert into xmlws_schema_smestaj_service.adresa (id, grad, zemlja, geografska_duzina, geografska_sirina) values (4, 'Domoni', 'Comoros', -12.2632051, 44.5290018);
insert into xmlws_schema_smestaj_service.adresa (id, grad, zemlja, geografska_duzina, geografska_sirina) values (6, 'Hengshan', 'China', 39.672791, 113.732809);
insert into xmlws_schema_smestaj_service.adresa (id, grad, zemlja, geografska_duzina, geografska_sirina) values (7, 'Ryczywół', 'Poland', 52.8131502, 16.8357836);
insert into xmlws_schema_smestaj_service.adresa (id, grad, zemlja, geografska_duzina, geografska_sirina) values (8, 'Hollywood', 'United States', 25.9868744, -80.2153998);
# Dodavanje tipova smestaja
insert into xmlws_schema_smestaj_service.tip_smestaja (id, naziv, opis) values (1, 'Hotel', 'Luxurios rooms and good views');
insert into xmlws_schema_smestaj_service.tip_smestaja (id, naziv, opis) values (2, 'Bed and breakfast', 'Delicios breakfast eggs');
insert into xmlws_schema_smestaj_service.tip_smestaja (id, naziv, opis) values (3, 'Apartment', 'Cozy as a home');
insert into xmlws_schema_smestaj_service.tip_smestaja (id, naziv, opis) values (4, 'Camping', 'Open nature and starry night');
# Dodavanje smestajnih jedinica
insert into xmlws_schema_smestaj_service.smestajna_jedinica (id, broj_dana_za_otkazivanje, kapacitet, ocena, opis, adresa_id, tip_id, putanja_do_slike, kategorija) values (1, 5, 1, 0, 'Multi-lateral dynamic hardware', 6, 3, '13R5rtcK1F3Gv9ksYSEAnupKY9thcAsBtX', 'NEKATEGORISAN');
insert into xmlws_schema_smestaj_service.smestajna_jedinica (id, broj_dana_za_otkazivanje, kapacitet, ocena, opis, adresa_id, tip_id, putanja_do_slike, kategorija) values (2, 0, 7, 0, 'Networked full-range algorithm', 1, 4, '18CvqfCC8xLWhRE5EkAMq1umXqTbk1Xppv', 'NEKATEGORISAN');
insert into xmlws_schema_smestaj_service.smestajna_jedinica (id, broj_dana_za_otkazivanje, kapacitet, ocena, opis, adresa_id, tip_id, putanja_do_slike, kategorija) values (3, 3, 5, 0, 'Optional stable parallelism', 8, 4, '13ioYcvcaDLSBoRSNEFQqfiiBXZ28aepBH', 'NEKATEGORISAN');
insert into xmlws_schema_smestaj_service.smestajna_jedinica (id, broj_dana_za_otkazivanje, kapacitet, ocena, opis, adresa_id, tip_id, putanja_do_slike, kategorija) values (4, 2, 5, 0, 'Stand-alone holistic database', 7, 3, '1JixBdFp4RMJoszHuwvsYAc7RWMjdCmBE1', 'NEKATEGORISAN');
insert into xmlws_schema_smestaj_service.smestajna_jedinica (id, broj_dana_za_otkazivanje, kapacitet, ocena, opis, adresa_id, tip_id, putanja_do_slike, kategorija) values (5, 5, 7, 0, 'Monitored bottom-line methodology', 3, 2, '1MaRe9AR8e4rSJkP2SPjUtijUnUwTxNL55', 'NEKATEGORISAN');
insert into xmlws_schema_smestaj_service.smestajna_jedinica (id, broj_dana_za_otkazivanje, kapacitet, ocena, opis, adresa_id, tip_id, putanja_do_slike, kategorija) values (6, 2, 2, 0, 'Mandatory eco-centric open system', 4, 2, '12yMmemwGyQbxGCVBeGP5bJnscy7tatEyv', 'NEKATEGORISAN');
insert into xmlws_schema_smestaj_service.smestajna_jedinica (id, broj_dana_za_otkazivanje, kapacitet, ocena, opis, adresa_id, tip_id, putanja_do_slike, kategorija) values (7, 5, 6, 0, 'Future-proofed leading edge forecast', 2, 3, '12psehBvpmFfrA2NNGuYgj6gn5Cx7WPYk9', 'NEKATEGORISAN');
insert into xmlws_schema_smestaj_service.smestajna_jedinica (id, broj_dana_za_otkazivanje, kapacitet, ocena, opis, adresa_id, tip_id, putanja_do_slike, kategorija) values (8, 12, 3, 0, 'Horizontal responsive data-warehouse', 8, 2, '16cZgp7uTizqgptTsutwRh3W7zJmptbo2k', 'NEKATEGORISAN');
insert into xmlws_schema_smestaj_service.smestajna_jedinica (id, broj_dana_za_otkazivanje, kapacitet, ocena, opis, adresa_id, tip_id, putanja_do_slike, kategorija) values (9, 5, 3, 0, 'Team-oriented 24 hour contingency', 4, 4, '16ewrqLzhjMVD5JU2HPqwSuzJXvU7KPMcJ', 'NEKATEGORISAN');
insert into xmlws_schema_smestaj_service.smestajna_jedinica (id, broj_dana_za_otkazivanje, kapacitet, ocena, opis, adresa_id, tip_id, putanja_do_slike, kategorija) values (10, 11, 5, 0, 'Cross-group local access', 8, 4, '15wHFkkGJdKzSNdNP7X79FNhBW8gPstWJJ', 'NEKATEGORISAN');
# Dodavanje dodatnih usluga
insert into xmlws_schema_smestaj_service.usluga (id, naziv, opis) values (1, 'toolset', 'Synergistic contextually-based installation');
insert into xmlws_schema_smestaj_service.usluga (id, naziv, opis) values (2, 'encompassing', 'Fully-configurable incremental customer loyalty');
insert into xmlws_schema_smestaj_service.usluga (id, naziv, opis) values (3, 'regional', 'Polarised didactic project');
insert into xmlws_schema_smestaj_service.usluga (id, naziv, opis) values (4, 'exuding', 'Programmable homogeneous initiative');
insert into xmlws_schema_smestaj_service.usluga (id, naziv, opis) values (5, 'modular', 'Phased scalable project');
insert into xmlws_schema_smestaj_service.usluga (id, naziv, opis) values (6, 'hybrid', 'Down-sized 3rd generation ability');
insert into xmlws_schema_smestaj_service.usluga (id, naziv, opis) values (7, 'Reactive', 'Team-oriented contextually-based protocol');
insert into xmlws_schema_smestaj_service.usluga (id, naziv, opis) values (8, 'website', 'User-friendly empowering open architecture');
insert into xmlws_schema_smestaj_service.usluga (id, naziv, opis) values (9, 'Multi-tiered', 'Stand-alone actuating data-warehouse');
insert into xmlws_schema_smestaj_service.usluga (id, naziv, opis) values (10, 'Reduced', 'Digitized transitional info-mediaries');
insert into xmlws_schema_smestaj_service.usluga (id, naziv, opis) values (11, 'transitional', 'Triple-buffered dedicated Graphical User Interface');
insert into xmlws_schema_smestaj_service.usluga (id, naziv, opis) values (12, 'Cross-platform', 'Enterprise-wide dedicated infrastructure');
insert into xmlws_schema_smestaj_service.usluga (id, naziv, opis) values (13, 'foreground', 'Exclusive real-time infrastructure');
insert into xmlws_schema_smestaj_service.usluga (id, naziv, opis) values (14, 'executive', 'Enhanced methodical flexibility');
insert into xmlws_schema_smestaj_service.usluga (id, naziv, opis) values (15, 'Versatile', 'Front-line transitional encoding');
insert into xmlws_schema_smestaj_service.usluga (id, naziv, opis) values (16, 'archive', 'Diverse fresh-thinking installation');
insert into xmlws_schema_smestaj_service.usluga (id, naziv, opis) values (17, 'neutral', 'Front-line grid-enabled service-desk');
insert into xmlws_schema_smestaj_service.usluga (id, naziv, opis) values (18, 'coherent', 'Ameliorated system-worthy methodology');
insert into xmlws_schema_smestaj_service.usluga (id, naziv, opis) values (19, 'archive', 'Open-architected dynamic leverage');
insert into xmlws_schema_smestaj_service.usluga (id, naziv, opis) values (20, 'foreground', 'Diverse analyzing secured line');
# Povezivanje dodatnih usluga i smestajnih jedinica
insert into xmlws_schema_smestaj_service.spoj_usluga_jedinica (id, usluga_id, smestajna_jedinica_id) values (1, 9, 10);
insert into xmlws_schema_smestaj_service.spoj_usluga_jedinica (id, usluga_id, smestajna_jedinica_id) values (2, 1, 4);
insert into xmlws_schema_smestaj_service.spoj_usluga_jedinica (id, usluga_id, smestajna_jedinica_id) values (3, 15, 7);
insert into xmlws_schema_smestaj_service.spoj_usluga_jedinica (id, usluga_id, smestajna_jedinica_id) values (4, 16, 1);
insert into xmlws_schema_smestaj_service.spoj_usluga_jedinica (id, usluga_id, smestajna_jedinica_id) values (5, 3, 9);
insert into xmlws_schema_smestaj_service.spoj_usluga_jedinica (id, usluga_id, smestajna_jedinica_id) values (6, 12, 3);
insert into xmlws_schema_smestaj_service.spoj_usluga_jedinica (id, usluga_id, smestajna_jedinica_id) values (7, 10, 3);
insert into xmlws_schema_smestaj_service.spoj_usluga_jedinica (id, usluga_id, smestajna_jedinica_id) values (8, 12, 2);
insert into xmlws_schema_smestaj_service.spoj_usluga_jedinica (id, usluga_id, smestajna_jedinica_id) values (9, 1, 10);
insert into xmlws_schema_smestaj_service.spoj_usluga_jedinica (id, usluga_id, smestajna_jedinica_id) values (10, 14, 4);
insert into xmlws_schema_smestaj_service.spoj_usluga_jedinica (id, usluga_id, smestajna_jedinica_id) values (11, 4, 5);
insert into xmlws_schema_smestaj_service.spoj_usluga_jedinica (id, usluga_id, smestajna_jedinica_id) values (12, 8, 6);
insert into xmlws_schema_smestaj_service.spoj_usluga_jedinica (id, usluga_id, smestajna_jedinica_id) values (13, 8, 9);
insert into xmlws_schema_smestaj_service.spoj_usluga_jedinica (id, usluga_id, smestajna_jedinica_id) values (14, 2, 10);
insert into xmlws_schema_smestaj_service.spoj_usluga_jedinica (id, usluga_id, smestajna_jedinica_id) values (15, 5, 6);
insert into xmlws_schema_smestaj_service.spoj_usluga_jedinica (id, usluga_id, smestajna_jedinica_id) values (16, 19, 3);
insert into xmlws_schema_smestaj_service.spoj_usluga_jedinica (id, usluga_id, smestajna_jedinica_id) values (18, 5, 9);
insert into xmlws_schema_smestaj_service.spoj_usluga_jedinica (id, usluga_id, smestajna_jedinica_id) values (19, 20, 2);
insert into xmlws_schema_smestaj_service.spoj_usluga_jedinica (id, usluga_id, smestajna_jedinica_id) values (20, 13, 5);
# Dodavanje cenovnika sobama
insert into xmlws_schema_smestaj_service.cenovnik (id, cena_po_noci, smestajna_jedinica_id, prvi_dan_vazenja, poslednji_dan_vazenja) values (1, 45.85, 1, '2019-01-01 12:00:00', '2019-01-31 13:00:00');
insert into xmlws_schema_smestaj_service.cenovnik (id, cena_po_noci, smestajna_jedinica_id, prvi_dan_vazenja, poslednji_dan_vazenja) values (2, 36.72, 1, '2019-02-01 12:00:00', '2019-02-28 13:00:00');
insert into xmlws_schema_smestaj_service.cenovnik (id, cena_po_noci, smestajna_jedinica_id, prvi_dan_vazenja, poslednji_dan_vazenja) values (3, 46.95, 1, '2019-03-01 12:00:00', '2019-03-31 13:00:00');
insert into xmlws_schema_smestaj_service.cenovnik (id, cena_po_noci, smestajna_jedinica_id, prvi_dan_vazenja, poslednji_dan_vazenja) values (4, 30.78, 1, '2019-04-01 12:00:00', '2019-04-30 13:00:00');
insert into xmlws_schema_smestaj_service.cenovnik (id, cena_po_noci, smestajna_jedinica_id, prvi_dan_vazenja, poslednji_dan_vazenja) values (5, 40.93, 1, '2019-05-01 12:00:00', '2019-05-31 13:00:00');
insert into xmlws_schema_smestaj_service.cenovnik (id, cena_po_noci, smestajna_jedinica_id, prvi_dan_vazenja, poslednji_dan_vazenja) values (6, 48.27, 1, '2019-06-01 12:00:00', '2019-06-30 13:00:00');
insert into xmlws_schema_smestaj_service.cenovnik (id, cena_po_noci, smestajna_jedinica_id, prvi_dan_vazenja, poslednji_dan_vazenja) values (7, 45.95, 1, '2019-07-01 12:00:00', '2019-07-31 13:00:00');
insert into xmlws_schema_smestaj_service.cenovnik (id, cena_po_noci, smestajna_jedinica_id, prvi_dan_vazenja, poslednji_dan_vazenja) values (8, 40.57, 1, '2019-08-01 12:00:00', '2019-08-31 13:00:00');
insert into xmlws_schema_smestaj_service.cenovnik (id, cena_po_noci, smestajna_jedinica_id, prvi_dan_vazenja, poslednji_dan_vazenja) values (9, 26.01, 1, '2019-09-01 12:00:00', '2019-09-30 13:00:00');
insert into xmlws_schema_smestaj_service.cenovnik (id, cena_po_noci, smestajna_jedinica_id, prvi_dan_vazenja, poslednji_dan_vazenja) values (10, 40.63, 1, '2019-10-01 12:00:00', '2019-10-31 13:00:00');
insert into xmlws_schema_smestaj_service.cenovnik (id, cena_po_noci, smestajna_jedinica_id, prvi_dan_vazenja, poslednji_dan_vazenja) values (11, 32.88, 1, '2019-11-01 12:00:00', '2019-11-30 13:00:00');
insert into xmlws_schema_smestaj_service.cenovnik (id, cena_po_noci, smestajna_jedinica_id, prvi_dan_vazenja, poslednji_dan_vazenja) values (12, 47.19, 1, '2019-12-01 12:00:00', '2019-12-31 13:00:00');
insert into xmlws_schema_smestaj_service.cenovnik (id, cena_po_noci, smestajna_jedinica_id, prvi_dan_vazenja, poslednji_dan_vazenja) values (13, 49.5, 2, '2019-01-01 12:00:00', '2019-01-31 13:00:00');
insert into xmlws_schema_smestaj_service.cenovnik (id, cena_po_noci, smestajna_jedinica_id, prvi_dan_vazenja, poslednji_dan_vazenja) values (14, 50.53, 2, '2019-02-01 12:00:00', '2019-02-28 13:00:00');
insert into xmlws_schema_smestaj_service.cenovnik (id, cena_po_noci, smestajna_jedinica_id, prvi_dan_vazenja, poslednji_dan_vazenja) values (15, 47.24, 2, '2019-03-01 12:00:00', '2019-03-31 13:00:00');
insert into xmlws_schema_smestaj_service.cenovnik (id, cena_po_noci, smestajna_jedinica_id, prvi_dan_vazenja, poslednji_dan_vazenja) values (16, 37.07, 2, '2019-04-01 12:00:00', '2019-04-30 13:00:00');
insert into xmlws_schema_smestaj_service.cenovnik (id, cena_po_noci, smestajna_jedinica_id, prvi_dan_vazenja, poslednji_dan_vazenja) values (17, 53.56, 2, '2019-05-01 12:00:00', '2019-05-31 13:00:00');
insert into xmlws_schema_smestaj_service.cenovnik (id, cena_po_noci, smestajna_jedinica_id, prvi_dan_vazenja, poslednji_dan_vazenja) values (18, 54.23, 2, '2019-06-01 12:00:00', '2019-06-30 13:00:00');
insert into xmlws_schema_smestaj_service.cenovnik (id, cena_po_noci, smestajna_jedinica_id, prvi_dan_vazenja, poslednji_dan_vazenja) values (19, 43.89, 2, '2019-07-01 12:00:00', '2019-07-31 13:00:00');
insert into xmlws_schema_smestaj_service.cenovnik (id, cena_po_noci, smestajna_jedinica_id, prvi_dan_vazenja, poslednji_dan_vazenja) values (20, 42.44, 2, '2019-08-01 12:00:00', '2019-08-31 13:00:00');
insert into xmlws_schema_smestaj_service.cenovnik (id, cena_po_noci, smestajna_jedinica_id, prvi_dan_vazenja, poslednji_dan_vazenja) values (21, 44.78, 2, '2019-09-01 12:00:00', '2019-09-30 13:00:00');
insert into xmlws_schema_smestaj_service.cenovnik (id, cena_po_noci, smestajna_jedinica_id, prvi_dan_vazenja, poslednji_dan_vazenja) values (22, 59.48, 2, '2019-10-01 12:00:00', '2019-10-31 13:00:00');
insert into xmlws_schema_smestaj_service.cenovnik (id, cena_po_noci, smestajna_jedinica_id, prvi_dan_vazenja, poslednji_dan_vazenja) values (23, 53.68, 2, '2019-11-01 12:00:00', '2019-11-30 13:00:00');
insert into xmlws_schema_smestaj_service.cenovnik (id, cena_po_noci, smestajna_jedinica_id, prvi_dan_vazenja, poslednji_dan_vazenja) values (24, 44.0, 2, '2019-12-01 12:00:00', '2019-12-31 13:00:00');
insert into xmlws_schema_smestaj_service.cenovnik (id, cena_po_noci, smestajna_jedinica_id, prvi_dan_vazenja, poslednji_dan_vazenja) values (25, 45.85, 3, '2019-01-01 12:00:00', '2019-01-31 13:00:00');
insert into xmlws_schema_smestaj_service.cenovnik (id, cena_po_noci, smestajna_jedinica_id, prvi_dan_vazenja, poslednji_dan_vazenja) values (26, 36.72, 3, '2019-02-01 12:00:00', '2019-02-28 13:00:00');
insert into xmlws_schema_smestaj_service.cenovnik (id, cena_po_noci, smestajna_jedinica_id, prvi_dan_vazenja, poslednji_dan_vazenja) values (27, 46.95, 3, '2019-03-01 12:00:00', '2019-03-31 13:00:00');
insert into xmlws_schema_smestaj_service.cenovnik (id, cena_po_noci, smestajna_jedinica_id, prvi_dan_vazenja, poslednji_dan_vazenja) values (28, 30.78, 3, '2019-04-01 12:00:00', '2019-04-30 13:00:00');
insert into xmlws_schema_smestaj_service.cenovnik (id, cena_po_noci, smestajna_jedinica_id, prvi_dan_vazenja, poslednji_dan_vazenja) values (29, 40.93, 3, '2019-05-01 12:00:00', '2019-05-31 13:00:00');
insert into xmlws_schema_smestaj_service.cenovnik (id, cena_po_noci, smestajna_jedinica_id, prvi_dan_vazenja, poslednji_dan_vazenja) values (30, 48.27, 3, '2019-06-01 12:00:00', '2019-06-30 13:00:00');
insert into xmlws_schema_smestaj_service.cenovnik (id, cena_po_noci, smestajna_jedinica_id, prvi_dan_vazenja, poslednji_dan_vazenja) values (31, 45.95, 3, '2019-07-01 12:00:00', '2019-07-31 13:00:00');
insert into xmlws_schema_smestaj_service.cenovnik (id, cena_po_noci, smestajna_jedinica_id, prvi_dan_vazenja, poslednji_dan_vazenja) values (32, 40.57, 3, '2019-08-01 12:00:00', '2019-08-31 13:00:00');
insert into xmlws_schema_smestaj_service.cenovnik (id, cena_po_noci, smestajna_jedinica_id, prvi_dan_vazenja, poslednji_dan_vazenja) values (33, 26.01, 3, '2019-09-01 12:00:00', '2019-09-30 13:00:00');
insert into xmlws_schema_smestaj_service.cenovnik (id, cena_po_noci, smestajna_jedinica_id, prvi_dan_vazenja, poslednji_dan_vazenja) values (34, 40.63, 3, '2019-10-01 12:00:00', '2019-10-31 13:00:00');
insert into xmlws_schema_smestaj_service.cenovnik (id, cena_po_noci, smestajna_jedinica_id, prvi_dan_vazenja, poslednji_dan_vazenja) values (35, 32.88, 3, '2019-11-01 12:00:00', '2019-11-30 13:00:00');
insert into xmlws_schema_smestaj_service.cenovnik (id, cena_po_noci, smestajna_jedinica_id, prvi_dan_vazenja, poslednji_dan_vazenja) values (36, 47.19, 3, '2019-12-01 12:00:00', '2019-12-31 13:00:00');
insert into xmlws_schema_smestaj_service.cenovnik (id, cena_po_noci, smestajna_jedinica_id, prvi_dan_vazenja, poslednji_dan_vazenja) values (37, 45.85, 4, '2019-01-01 12:00:00', '2019-01-31 13:00:00');
insert into xmlws_schema_smestaj_service.cenovnik (id, cena_po_noci, smestajna_jedinica_id, prvi_dan_vazenja, poslednji_dan_vazenja) values (38, 36.72, 4, '2019-02-01 12:00:00', '2019-02-28 13:00:00');
insert into xmlws_schema_smestaj_service.cenovnik (id, cena_po_noci, smestajna_jedinica_id, prvi_dan_vazenja, poslednji_dan_vazenja) values (39, 46.95, 4, '2019-03-01 12:00:00', '2019-03-31 13:00:00');
insert into xmlws_schema_smestaj_service.cenovnik (id, cena_po_noci, smestajna_jedinica_id, prvi_dan_vazenja, poslednji_dan_vazenja) values (40, 30.78, 4, '2019-04-01 12:00:00', '2019-04-30 13:00:00');
insert into xmlws_schema_smestaj_service.cenovnik (id, cena_po_noci, smestajna_jedinica_id, prvi_dan_vazenja, poslednji_dan_vazenja) values (41, 40.93, 4, '2019-05-01 12:00:00', '2019-05-31 13:00:00');
insert into xmlws_schema_smestaj_service.cenovnik (id, cena_po_noci, smestajna_jedinica_id, prvi_dan_vazenja, poslednji_dan_vazenja) values (42, 48.27, 4, '2019-06-01 12:00:00', '2019-06-30 13:00:00');
insert into xmlws_schema_smestaj_service.cenovnik (id, cena_po_noci, smestajna_jedinica_id, prvi_dan_vazenja, poslednji_dan_vazenja) values (43, 45.95, 4, '2019-07-01 12:00:00', '2019-07-31 13:00:00');
insert into xmlws_schema_smestaj_service.cenovnik (id, cena_po_noci, smestajna_jedinica_id, prvi_dan_vazenja, poslednji_dan_vazenja) values (44, 40.57, 4, '2019-08-01 12:00:00', '2019-08-31 13:00:00');
insert into xmlws_schema_smestaj_service.cenovnik (id, cena_po_noci, smestajna_jedinica_id, prvi_dan_vazenja, poslednji_dan_vazenja) values (45, 26.01, 4, '2019-09-01 12:00:00', '2019-09-30 13:00:00');
insert into xmlws_schema_smestaj_service.cenovnik (id, cena_po_noci, smestajna_jedinica_id, prvi_dan_vazenja, poslednji_dan_vazenja) values (46, 40.63, 4, '2019-10-01 12:00:00', '2019-10-31 13:00:00');
insert into xmlws_schema_smestaj_service.cenovnik (id, cena_po_noci, smestajna_jedinica_id, prvi_dan_vazenja, poslednji_dan_vazenja) values (47, 32.88, 4, '2019-11-01 12:00:00', '2019-11-30 13:00:00');
insert into xmlws_schema_smestaj_service.cenovnik (id, cena_po_noci, smestajna_jedinica_id, prvi_dan_vazenja, poslednji_dan_vazenja) values (48, 47.19, 4, '2019-12-01 12:00:00', '2019-12-31 13:00:00');
insert into xmlws_schema_smestaj_service.cenovnik (id, cena_po_noci, smestajna_jedinica_id, prvi_dan_vazenja, poslednji_dan_vazenja) values (49, 45.85, 5, '2019-01-01 12:00:00', '2019-01-31 13:00:00');
insert into xmlws_schema_smestaj_service.cenovnik (id, cena_po_noci, smestajna_jedinica_id, prvi_dan_vazenja, poslednji_dan_vazenja) values (50, 36.72, 5, '2019-02-01 12:00:00', '2019-02-28 13:00:00');
insert into xmlws_schema_smestaj_service.cenovnik (id, cena_po_noci, smestajna_jedinica_id, prvi_dan_vazenja, poslednji_dan_vazenja) values (51, 46.95, 5, '2019-03-01 12:00:00', '2019-03-31 13:00:00');
insert into xmlws_schema_smestaj_service.cenovnik (id, cena_po_noci, smestajna_jedinica_id, prvi_dan_vazenja, poslednji_dan_vazenja) values (52, 30.78, 5, '2019-04-01 12:00:00', '2019-04-30 13:00:00');
insert into xmlws_schema_smestaj_service.cenovnik (id, cena_po_noci, smestajna_jedinica_id, prvi_dan_vazenja, poslednji_dan_vazenja) values (53, 40.93, 5, '2019-05-01 12:00:00', '2019-05-31 13:00:00');
insert into xmlws_schema_smestaj_service.cenovnik (id, cena_po_noci, smestajna_jedinica_id, prvi_dan_vazenja, poslednji_dan_vazenja) values (54, 48.27, 5, '2019-06-01 12:00:00', '2019-06-30 13:00:00');
insert into xmlws_schema_smestaj_service.cenovnik (id, cena_po_noci, smestajna_jedinica_id, prvi_dan_vazenja, poslednji_dan_vazenja) values (55, 45.95, 5, '2019-07-01 12:00:00', '2019-07-31 13:00:00');
insert into xmlws_schema_smestaj_service.cenovnik (id, cena_po_noci, smestajna_jedinica_id, prvi_dan_vazenja, poslednji_dan_vazenja) values (56, 40.57, 5, '2019-08-01 12:00:00', '2019-08-31 13:00:00');
insert into xmlws_schema_smestaj_service.cenovnik (id, cena_po_noci, smestajna_jedinica_id, prvi_dan_vazenja, poslednji_dan_vazenja) values (57, 26.01, 5, '2019-09-01 12:00:00', '2019-09-30 13:00:00');
insert into xmlws_schema_smestaj_service.cenovnik (id, cena_po_noci, smestajna_jedinica_id, prvi_dan_vazenja, poslednji_dan_vazenja) values (58, 40.63, 5, '2019-10-01 12:00:00', '2019-10-31 13:00:00');
insert into xmlws_schema_smestaj_service.cenovnik (id, cena_po_noci, smestajna_jedinica_id, prvi_dan_vazenja, poslednji_dan_vazenja) values (59, 32.88, 5, '2019-11-01 12:00:00', '2019-11-30 13:00:00');
insert into xmlws_schema_smestaj_service.cenovnik (id, cena_po_noci, smestajna_jedinica_id, prvi_dan_vazenja, poslednji_dan_vazenja) values (60, 47.19, 5, '2019-12-01 12:00:00', '2019-12-31 13:00:00');
insert into xmlws_schema_smestaj_service.cenovnik (id, cena_po_noci, smestajna_jedinica_id, prvi_dan_vazenja, poslednji_dan_vazenja) values (61, 45.85, 6, '2019-01-01 12:00:00', '2019-01-31 13:00:00');
insert into xmlws_schema_smestaj_service.cenovnik (id, cena_po_noci, smestajna_jedinica_id, prvi_dan_vazenja, poslednji_dan_vazenja) values (62, 36.72, 6, '2019-02-01 12:00:00', '2019-02-28 13:00:00');
insert into xmlws_schema_smestaj_service.cenovnik (id, cena_po_noci, smestajna_jedinica_id, prvi_dan_vazenja, poslednji_dan_vazenja) values (63, 46.95, 6, '2019-03-01 12:00:00', '2019-03-31 13:00:00');
insert into xmlws_schema_smestaj_service.cenovnik (id, cena_po_noci, smestajna_jedinica_id, prvi_dan_vazenja, poslednji_dan_vazenja) values (64, 30.78, 6, '2019-04-01 12:00:00', '2019-04-30 13:00:00');
insert into xmlws_schema_smestaj_service.cenovnik (id, cena_po_noci, smestajna_jedinica_id, prvi_dan_vazenja, poslednji_dan_vazenja) values (65, 40.93, 6, '2019-05-01 12:00:00', '2019-05-31 13:00:00');
insert into xmlws_schema_smestaj_service.cenovnik (id, cena_po_noci, smestajna_jedinica_id, prvi_dan_vazenja, poslednji_dan_vazenja) values (66, 48.27, 6, '2019-06-01 12:00:00', '2019-06-30 13:00:00');
insert into xmlws_schema_smestaj_service.cenovnik (id, cena_po_noci, smestajna_jedinica_id, prvi_dan_vazenja, poslednji_dan_vazenja) values (67, 45.95, 6, '2019-07-01 12:00:00', '2019-07-31 13:00:00');
insert into xmlws_schema_smestaj_service.cenovnik (id, cena_po_noci, smestajna_jedinica_id, prvi_dan_vazenja, poslednji_dan_vazenja) values (68, 40.57, 6, '2019-08-01 12:00:00', '2019-08-31 13:00:00');
insert into xmlws_schema_smestaj_service.cenovnik (id, cena_po_noci, smestajna_jedinica_id, prvi_dan_vazenja, poslednji_dan_vazenja) values (69, 26.01, 6, '2019-09-01 12:00:00', '2019-09-30 13:00:00');
insert into xmlws_schema_smestaj_service.cenovnik (id, cena_po_noci, smestajna_jedinica_id, prvi_dan_vazenja, poslednji_dan_vazenja) values (70, 40.63, 6, '2019-10-01 12:00:00', '2019-10-31 13:00:00');
insert into xmlws_schema_smestaj_service.cenovnik (id, cena_po_noci, smestajna_jedinica_id, prvi_dan_vazenja, poslednji_dan_vazenja) values (71, 32.88, 6, '2019-11-01 12:00:00', '2019-11-30 13:00:00');
insert into xmlws_schema_smestaj_service.cenovnik (id, cena_po_noci, smestajna_jedinica_id, prvi_dan_vazenja, poslednji_dan_vazenja) values (72, 47.19, 6, '2019-12-01 12:00:00', '2019-12-31 13:00:00');
insert into xmlws_schema_smestaj_service.cenovnik (id, cena_po_noci, smestajna_jedinica_id, prvi_dan_vazenja, poslednji_dan_vazenja) values (73, 45.85, 7, '2019-01-01 12:00:00', '2019-01-31 13:00:00');
insert into xmlws_schema_smestaj_service.cenovnik (id, cena_po_noci, smestajna_jedinica_id, prvi_dan_vazenja, poslednji_dan_vazenja) values (74, 36.72, 7, '2019-02-01 12:00:00', '2019-02-28 13:00:00');
insert into xmlws_schema_smestaj_service.cenovnik (id, cena_po_noci, smestajna_jedinica_id, prvi_dan_vazenja, poslednji_dan_vazenja) values (75, 46.95, 7, '2019-03-01 12:00:00', '2019-03-31 13:00:00');
insert into xmlws_schema_smestaj_service.cenovnik (id, cena_po_noci, smestajna_jedinica_id, prvi_dan_vazenja, poslednji_dan_vazenja) values (76, 30.78, 7, '2019-04-01 12:00:00', '2019-04-30 13:00:00');
insert into xmlws_schema_smestaj_service.cenovnik (id, cena_po_noci, smestajna_jedinica_id, prvi_dan_vazenja, poslednji_dan_vazenja) values (77, 40.93, 7, '2019-05-01 12:00:00', '2019-05-31 13:00:00');
insert into xmlws_schema_smestaj_service.cenovnik (id, cena_po_noci, smestajna_jedinica_id, prvi_dan_vazenja, poslednji_dan_vazenja) values (78, 48.27, 7, '2019-06-01 12:00:00', '2019-06-30 13:00:00');
insert into xmlws_schema_smestaj_service.cenovnik (id, cena_po_noci, smestajna_jedinica_id, prvi_dan_vazenja, poslednji_dan_vazenja) values (79, 45.95, 7, '2019-07-01 12:00:00', '2019-07-31 13:00:00');
insert into xmlws_schema_smestaj_service.cenovnik (id, cena_po_noci, smestajna_jedinica_id, prvi_dan_vazenja, poslednji_dan_vazenja) values (80, 40.57, 7, '2019-08-01 12:00:00', '2019-08-31 13:00:00');
insert into xmlws_schema_smestaj_service.cenovnik (id, cena_po_noci, smestajna_jedinica_id, prvi_dan_vazenja, poslednji_dan_vazenja) values (81, 26.01, 7, '2019-09-01 12:00:00', '2019-09-30 13:00:00');
insert into xmlws_schema_smestaj_service.cenovnik (id, cena_po_noci, smestajna_jedinica_id, prvi_dan_vazenja, poslednji_dan_vazenja) values (82, 40.63, 7, '2019-10-01 12:00:00', '2019-10-31 13:00:00');
insert into xmlws_schema_smestaj_service.cenovnik (id, cena_po_noci, smestajna_jedinica_id, prvi_dan_vazenja, poslednji_dan_vazenja) values (83, 32.88, 7, '2019-11-01 12:00:00', '2019-11-30 13:00:00');
insert into xmlws_schema_smestaj_service.cenovnik (id, cena_po_noci, smestajna_jedinica_id, prvi_dan_vazenja, poslednji_dan_vazenja) values (84, 47.19, 7, '2019-12-01 12:00:00', '2019-12-31 13:00:00');
insert into xmlws_schema_smestaj_service.cenovnik (id, cena_po_noci, smestajna_jedinica_id, prvi_dan_vazenja, poslednji_dan_vazenja) values (85, 45.85, 8, '2019-01-01 12:00:00', '2019-01-31 13:00:00');
insert into xmlws_schema_smestaj_service.cenovnik (id, cena_po_noci, smestajna_jedinica_id, prvi_dan_vazenja, poslednji_dan_vazenja) values (86, 36.72, 8, '2019-02-01 12:00:00', '2019-02-28 13:00:00');
insert into xmlws_schema_smestaj_service.cenovnik (id, cena_po_noci, smestajna_jedinica_id, prvi_dan_vazenja, poslednji_dan_vazenja) values (87, 46.95, 8, '2019-03-01 12:00:00', '2019-03-31 13:00:00');
insert into xmlws_schema_smestaj_service.cenovnik (id, cena_po_noci, smestajna_jedinica_id, prvi_dan_vazenja, poslednji_dan_vazenja) values (88, 30.78, 8, '2019-04-01 12:00:00', '2019-04-30 13:00:00');
insert into xmlws_schema_smestaj_service.cenovnik (id, cena_po_noci, smestajna_jedinica_id, prvi_dan_vazenja, poslednji_dan_vazenja) values (89, 40.93, 8, '2019-05-01 12:00:00', '2019-05-31 13:00:00');
insert into xmlws_schema_smestaj_service.cenovnik (id, cena_po_noci, smestajna_jedinica_id, prvi_dan_vazenja, poslednji_dan_vazenja) values (90, 48.27, 8, '2019-06-01 12:00:00', '2019-06-30 13:00:00');
insert into xmlws_schema_smestaj_service.cenovnik (id, cena_po_noci, smestajna_jedinica_id, prvi_dan_vazenja, poslednji_dan_vazenja) values (91, 45.95, 8, '2019-07-01 12:00:00', '2019-07-31 13:00:00');
insert into xmlws_schema_smestaj_service.cenovnik (id, cena_po_noci, smestajna_jedinica_id, prvi_dan_vazenja, poslednji_dan_vazenja) values (92, 40.57, 8, '2019-08-01 12:00:00', '2019-08-31 13:00:00');
insert into xmlws_schema_smestaj_service.cenovnik (id, cena_po_noci, smestajna_jedinica_id, prvi_dan_vazenja, poslednji_dan_vazenja) values (93, 26.01, 8, '2019-09-01 12:00:00', '2019-09-30 13:00:00');
insert into xmlws_schema_smestaj_service.cenovnik (id, cena_po_noci, smestajna_jedinica_id, prvi_dan_vazenja, poslednji_dan_vazenja) values (94, 40.63, 8, '2019-10-01 12:00:00', '2019-10-31 13:00:00');
insert into xmlws_schema_smestaj_service.cenovnik (id, cena_po_noci, smestajna_jedinica_id, prvi_dan_vazenja, poslednji_dan_vazenja) values (95, 32.88, 8, '2019-11-01 12:00:00', '2019-11-30 13:00:00');
insert into xmlws_schema_smestaj_service.cenovnik (id, cena_po_noci, smestajna_jedinica_id, prvi_dan_vazenja, poslednji_dan_vazenja) values (96, 47.19, 8, '2019-12-01 12:00:00', '2019-12-31 13:00:00');
insert into xmlws_schema_smestaj_service.cenovnik (id, cena_po_noci, smestajna_jedinica_id, prvi_dan_vazenja, poslednji_dan_vazenja) values (97, 45.85, 9, '2019-01-01 12:00:00', '2019-01-31 13:00:00');
insert into xmlws_schema_smestaj_service.cenovnik (id, cena_po_noci, smestajna_jedinica_id, prvi_dan_vazenja, poslednji_dan_vazenja) values (98, 36.72, 9, '2019-02-01 12:00:00', '2019-02-28 13:00:00');
insert into xmlws_schema_smestaj_service.cenovnik (id, cena_po_noci, smestajna_jedinica_id, prvi_dan_vazenja, poslednji_dan_vazenja) values (99, 46.95, 9, '2019-03-01 12:00:00', '2019-03-31 13:00:00');
insert into xmlws_schema_smestaj_service.cenovnik (id, cena_po_noci, smestajna_jedinica_id, prvi_dan_vazenja, poslednji_dan_vazenja) values (100, 30.78, 9, '2019-04-01 12:00:00', '2019-04-30 13:00:00');
insert into xmlws_schema_smestaj_service.cenovnik (id, cena_po_noci, smestajna_jedinica_id, prvi_dan_vazenja, poslednji_dan_vazenja) values (101, 40.93, 9, '2019-05-01 12:00:00', '2019-05-31 13:00:00');
insert into xmlws_schema_smestaj_service.cenovnik (id, cena_po_noci, smestajna_jedinica_id, prvi_dan_vazenja, poslednji_dan_vazenja) values (102, 48.27, 9, '2019-06-01 12:00:00', '2019-06-30 13:00:00');
insert into xmlws_schema_smestaj_service.cenovnik (id, cena_po_noci, smestajna_jedinica_id, prvi_dan_vazenja, poslednji_dan_vazenja) values (103, 45.95, 9, '2019-07-01 12:00:00', '2019-07-31 13:00:00');
insert into xmlws_schema_smestaj_service.cenovnik (id, cena_po_noci, smestajna_jedinica_id, prvi_dan_vazenja, poslednji_dan_vazenja) values (104, 40.57, 9, '2019-08-01 12:00:00', '2019-08-31 13:00:00');
insert into xmlws_schema_smestaj_service.cenovnik (id, cena_po_noci, smestajna_jedinica_id, prvi_dan_vazenja, poslednji_dan_vazenja) values (105, 26.01, 9, '2019-09-01 12:00:00', '2019-09-30 13:00:00');
insert into xmlws_schema_smestaj_service.cenovnik (id, cena_po_noci, smestajna_jedinica_id, prvi_dan_vazenja, poslednji_dan_vazenja) values (106, 40.63, 9, '2019-10-01 12:00:00', '2019-10-31 13:00:00');
insert into xmlws_schema_smestaj_service.cenovnik (id, cena_po_noci, smestajna_jedinica_id, prvi_dan_vazenja, poslednji_dan_vazenja) values (107, 32.88, 9, '2019-11-01 12:00:00', '2019-11-30 13:00:00');
insert into xmlws_schema_smestaj_service.cenovnik (id, cena_po_noci, smestajna_jedinica_id, prvi_dan_vazenja, poslednji_dan_vazenja) values (108, 47.19, 9, '2019-12-01 12:00:00', '2019-12-31 13:00:00');
insert into xmlws_schema_smestaj_service.cenovnik (id, cena_po_noci, smestajna_jedinica_id, prvi_dan_vazenja, poslednji_dan_vazenja) values (109, 45.85, 10, '2019-01-01 12:00:00', '2019-01-31 13:00:00');
insert into xmlws_schema_smestaj_service.cenovnik (id, cena_po_noci, smestajna_jedinica_id, prvi_dan_vazenja, poslednji_dan_vazenja) values (110, 36.72, 10, '2019-02-01 12:00:00', '2019-02-28 13:00:00');
insert into xmlws_schema_smestaj_service.cenovnik (id, cena_po_noci, smestajna_jedinica_id, prvi_dan_vazenja, poslednji_dan_vazenja) values (111, 46.95, 10, '2019-03-01 12:00:00', '2019-03-31 13:00:00');
insert into xmlws_schema_smestaj_service.cenovnik (id, cena_po_noci, smestajna_jedinica_id, prvi_dan_vazenja, poslednji_dan_vazenja) values (112, 30.78, 10, '2019-04-01 12:00:00', '2019-04-30 13:00:00');
insert into xmlws_schema_smestaj_service.cenovnik (id, cena_po_noci, smestajna_jedinica_id, prvi_dan_vazenja, poslednji_dan_vazenja) values (113, 40.93, 10, '2019-05-01 12:00:00', '2019-05-31 13:00:00');
insert into xmlws_schema_smestaj_service.cenovnik (id, cena_po_noci, smestajna_jedinica_id, prvi_dan_vazenja, poslednji_dan_vazenja) values (114, 48.27, 10, '2019-06-01 12:00:00', '2019-06-30 13:00:00');
insert into xmlws_schema_smestaj_service.cenovnik (id, cena_po_noci, smestajna_jedinica_id, prvi_dan_vazenja, poslednji_dan_vazenja) values (115, 45.95, 10, '2019-07-01 12:00:00', '2019-07-31 13:00:00');
insert into xmlws_schema_smestaj_service.cenovnik (id, cena_po_noci, smestajna_jedinica_id, prvi_dan_vazenja, poslednji_dan_vazenja) values (116, 40.57, 10, '2019-08-01 12:00:00', '2019-08-31 13:00:00');
insert into xmlws_schema_smestaj_service.cenovnik (id, cena_po_noci, smestajna_jedinica_id, prvi_dan_vazenja, poslednji_dan_vazenja) values (117, 26.01, 10, '2019-09-01 12:00:00', '2019-09-30 13:00:00');
insert into xmlws_schema_smestaj_service.cenovnik (id, cena_po_noci, smestajna_jedinica_id, prvi_dan_vazenja, poslednji_dan_vazenja) values (118, 40.63, 10, '2019-10-01 12:00:00', '2019-10-31 13:00:00');
insert into xmlws_schema_smestaj_service.cenovnik (id, cena_po_noci, smestajna_jedinica_id, prvi_dan_vazenja, poslednji_dan_vazenja) values (119, 32.88, 10, '2019-11-01 12:00:00', '2019-11-30 13:00:00');
insert into xmlws_schema_smestaj_service.cenovnik (id, cena_po_noci, smestajna_jedinica_id, prvi_dan_vazenja, poslednji_dan_vazenja) values (120, 47.19, 10, '2019-12-01 12:00:00', '2019-12-31 13:00:00');